{"cameraMode":{"drawMode":0,"name":"Shaded","section":"Shading Mode"},"sceneLighting":false,"audioPlay":false,"sceneViewState":{"showFog":true,"showMaterialUpdate":false,"showSkybox":false,"showFlares":true,"showImageEffects":true,"showParticleSystems":true},"in2DMode":false,"pivot":{"x":0.3470858335494995,"y":0.08282721042633057,"z":0.0},"rotation":{"x":0.4599834680557251,"y":-0.03993222489953041,"z":0.020713485777378084,"w":0.8867904543876648},"size":1.953307032585144,"orthographic":false}