{"cameraMode":{"drawMode":0,"name":"Shaded","section":"Shading Mode"},"sceneLighting":true,"audioPlay":false,"sceneViewState":{"showFog":true,"showMaterialUpdate":false,"showSkybox":false,"showFlares":true,"showImageEffects":true,"showParticleSystems":true},"in2DMode":false,"pivot":{"x":-2.9802322387695315e-8,"y":0.14421844482421876,"z":0.0},"rotation":{"x":0.3266403377056122,"y":-0.46865886449813845,"z":0.1918233036994934,"w":0.7980411052703857},"size":0.5835936665534973,"orthographic":false}