{"cameraMode":{"drawMode":0,"name":"Shaded","section":"Shading Mode"},"sceneLighting":false,"audioPlay":false,"sceneViewState":{"showFog":true,"showMaterialUpdate":false,"showSkybox":false,"showFlares":true,"showImageEffects":true,"showParticleSystems":true},"in2DMode":false,"pivot":{"x":-2.9802322387695315e-8,"y":0.10199999809265137,"z":-0.3323001563549042},"rotation":{"x":0.4599834680557251,"y":-0.03993222489953041,"z":0.020713485777378084,"w":0.8867904543876648},"size":1.3345497846603394,"orthographic":false}