{"cameraMode":{"drawMode":0,"name":"Shaded","section":"Shading Mode"},"sceneLighting":false,"audioPlay":false,"sceneViewState":{"showFog":true,"showMaterialUpdate":false,"showSkybox":false,"showFlares":true,"showImageEffects":true,"showParticleSystems":true},"in2DMode":false,"pivot":{"x":-2.9802322387695315e-8,"y":0.10199999809265137,"z":-0.3323001563549042},"rotation":{"x":0.2882991135120392,"y":-0.31529566645622256,"z":0.10117174685001373,"w":0.8984666466712952},"size":1.3345497846603394,"orthographic":false}