{"cameraMode":{"drawMode":0,"name":"Shaded","section":"Shading Mode"},"sceneLighting":true,"audioPlay":false,"sceneViewState":{"showFog":true,"showMaterialUpdate":false,"showSkybox":false,"showFlares":true,"showImageEffects":true,"showParticleSystems":true},"in2DMode":false,"pivot":{"x":-4.385778903961182,"y":0.5408345460891724,"z":0.09340536594390869},"rotation":{"x":0.11070119589567185,"y":0.5085645318031311,"z":-0.06613084673881531,"w":0.8513152003288269},"size":20.218122482299806,"orthographic":false}