{"cameraMode":{"drawMode":0,"name":"Shaded","section":"Shading Mode"},"sceneLighting":false,"audioPlay":false,"sceneViewState":{"showFog":true,"showMaterialUpdate":false,"showSkybox":false,"showFlares":true,"showImageEffects":true,"showParticleSystems":true},"in2DMode":false,"pivot":{"x":-0.2897511124610901,"y":0.35261422395706179,"z":0.0},"rotation":{"x":0.30725303292274477,"y":0.3327505588531494,"z":-0.11565044522285462,"w":0.8840262293815613},"size":3.6716198921203615,"orthographic":false}